model,c,parametric,np_reg,delta
ow,1.0,0.16124370949921885,0.22952534375369615,0.06828163425447731
afs,0.5,0.11440488974456131,0.214472296281086,0.10006740653652468
