model,parametric,np_reg,delta
OW,0.16120156244342176,0.2299240311144073,0.06872246867098553
AFS,0.11688518041155771,0.21405572389984906,0.09717054348829135
