model,parametric,np_reg,delta
OW,0.15696997468006058,0.14294600243400046,-0.014023972246060112
AFS,0.13888122676593428,0.13180460317670695,-0.007076623589227338
