median_n,r2_raw,r2_reg,gain,gamma_n,model,window
2887.25,0.14085608037135133,0.14644126292367188,0.0067421735170759,0.8895134973108236,OW,1 month
679.0,0.0670518414715981,0.1288014503012302,0.04625816888111012,3.2467169316652735,OW,5 days
265.0,-0.01585921074963481,0.11852889811358697,0.10586650007597981,5.18602082482849,OW,2 days
2912.0,0.12627703548477542,0.13381893998018096,0.006094909696565343,0.7966635264019899,AFS,1 month
680.5,0.06466436872781961,0.1099332975138535,0.04014836532277505,2.269510536694671,AFS,5 days
265.5,-0.03396389203869654,0.09978435955952847,0.12805302582482447,4.581597669054491,AFS,2 days
